ArgumentationID,ArgumentID,ProponentID,Step,Timestamp
0,0,ArgAgent2,1,1381942597274
0,0,ArgAgent1,1,1381942597279
0,2,ArgAgent2,2,1381942597313
1,0,ArgAgent2,4,1381942597328
1,0,ArgAgent1,4,1381942597403
1,1,ArgAgent2,5,1381942597433
2,0,ArgAgent1,7,1381942597513
2,0,ArgAgent2,7,1381942597521
2,1,ArgAgent1,8,1381942597529
3,0,ArgAgent2,10,1381942597610
3,0,ArgAgent1,10,1381942597615
3,1,ArgAgent2,11,1381942597640
4,0,ArgAgent1,13,1381942597651
4,0,ArgAgent2,13,1381942597723
4,2,ArgAgent1,14,1381942597731
5,0,ArgAgent2,16,1381942597809
5,0,ArgAgent1,16,1381942597812
5,1,ArgAgent2,17,1381942597837
6,0,ArgAgent1,19,1381942597847
6,0,ArgAgent2,19,1381942597919
6,2,ArgAgent1,20,1381942597927
7,0,ArgAgent1,22,1381942598004
7,0,ArgAgent2,22,1381942598012
7,1,ArgAgent1,23,1381942598021
8,0,ArgAgent1,25,1381942598099
8,0,ArgAgent2,25,1381942598106
8,2,ArgAgent1,26,1381942598114
9,0,ArgAgent1,28,1381942598126
9,0,ArgAgent2,28,1381942598199
9,2,ArgAgent1,29,1381942598208
10,0,ArgAgent1,31,1381942598218
10,0,ArgAgent2,31,1381942598232
10,2,ArgAgent1,32,1381942598311
11,0,ArgAgent2,34,1381942598323
11,0,ArgAgent1,34,1381942598327
11,1,ArgAgent2,35,1381942598419
12,0,ArgAgent1,37,1381942598429
12,0,ArgAgent2,37,1381942598436
12,1,ArgAgent1,38,1381942598512
13,0,ArgAgent2,40,1381942598524
13,0,ArgAgent1,40,1381942598594
13,2,ArgAgent2,41,1381942598622
14,0,ArgAgent1,43,1381942598701
14,0,ArgAgent2,43,1381942598708
14,1,ArgAgent1,44,1381942598718
15,0,ArgAgent2,46,1381942598733
15,0,ArgAgent1,46,1381942598802
15,2,ArgAgent2,47,1381942598829
16,0,ArgAgent2,49,1381942598842
16,0,ArgAgent1,49,1381942598917
16,1,ArgAgent2,50,1381942598943
17,0,ArgAgent2,52,1381942598957
17,0,ArgAgent1,52,1381942599028
17,2,ArgAgent2,53,1381942599053
18,0,ArgAgent2,55,1381942599140
18,0,ArgAgent1,55,1381942599143
18,2,ArgAgent2,56,1381942599168
19,0,ArgAgent2,58,1381942599185
19,0,ArgAgent1,58,1381942599188
19,2,ArgAgent2,59,1381942599280
20,0,ArgAgent2,61,1381942599293
20,0,ArgAgent1,61,1381942599297
20,2,ArgAgent2,62,1381942599389
21,0,ArgAgent2,64,1381942599482
21,0,ArgAgent1,64,1381942599486
21,2,ArgAgent2,65,1381942599512
22,0,ArgAgent2,67,1381942599524
22,0,ArgAgent1,67,1381942599592
22,2,ArgAgent2,68,1381942599616
23,0,ArgAgent1,70,1381942599628
23,0,ArgAgent2,70,1381942599708
23,2,ArgAgent1,71,1381942599715
24,0,ArgAgent1,73,1381942599725
24,0,ArgAgent2,73,1381942599735
24,2,ArgAgent1,74,1381942599818
25,0,ArgAgent2,76,1381942599831
25,0,ArgAgent1,76,1381942599834
25,2,ArgAgent2,77,1381942599941
26,0,ArgAgent1,79,1381942599955
26,0,ArgAgent2,79,1381942600033
26,1,ArgAgent1,80,1381942600041
27,0,ArgAgent1,82,1381942600125
27,0,ArgAgent2,82,1381942600134
27,1,ArgAgent1,83,1381942600141
28,0,ArgAgent1,85,1381942600152
28,0,ArgAgent2,85,1381942600228
28,1,ArgAgent1,86,1381942600237
29,0,ArgAgent1,88,1381942600251
29,0,ArgAgent2,88,1381942600259
29,1,ArgAgent1,89,1381942600343
30,0,ArgAgent2,91,1381942600354
30,0,ArgAgent1,91,1381942600424
30,2,ArgAgent2,92,1381942600448
31,0,ArgAgent2,94,1381942600460
31,0,ArgAgent1,94,1381942600527
31,1,ArgAgent2,95,1381942600552
32,0,ArgAgent1,97,1381942600569
32,0,ArgAgent2,97,1381942600575
32,2,ArgAgent1,98,1381942600651
33,0,ArgAgent2,100,1381942600745
33,0,ArgAgent1,100,1381942600749
33,2,ArgAgent2,101,1381942600773
34,0,ArgAgent2,103,1381942600865
34,0,ArgAgent1,103,1381942600868
34,2,ArgAgent2,104,1381942600894
35,0,ArgAgent2,106,1381942600972
35,0,ArgAgent1,106,1381942600975
35,1,ArgAgent2,107,1381942601001
36,0,ArgAgent1,109,1381942601010
36,0,ArgAgent2,109,1381942601017
36,2,ArgAgent1,110,1381942601088
37,0,ArgAgent2,112,1381942601102
37,0,ArgAgent1,112,1381942601105
37,1,ArgAgent2,113,1381942601201
38,0,ArgAgent1,115,1381942601211
38,0,ArgAgent2,115,1381942601286
38,1,ArgAgent1,116,1381942601294
39,0,ArgAgent2,118,1381942601306
39,0,ArgAgent1,118,1381942601308
39,1,ArgAgent2,119,1381942601411
40,0,ArgAgent2,121,1381942601425
40,0,ArgAgent1,121,1381942601427
40,2,ArgAgent2,122,1381942601524
41,0,ArgAgent1,124,1381942601534
41,0,ArgAgent2,124,1381942601540
41,2,ArgAgent1,125,1381942601615
42,0,ArgAgent2,127,1381942601699
42,0,ArgAgent1,127,1381942601702
42,1,ArgAgent2,128,1381942601727
43,0,ArgAgent1,130,1381942601814
43,0,ArgAgent2,130,1381942601820
43,2,ArgAgent1,131,1381942601827
44,0,ArgAgent1,133,1381942601838
44,0,ArgAgent2,133,1381942601914
44,1,ArgAgent1,134,1381942601921
45,0,ArgAgent2,136,1381942601933
45,0,ArgAgent1,136,1381942601937
45,1,ArgAgent2,137,1381942602027
46,0,ArgAgent2,139,1381942602073
46,0,ArgAgent1,139,1381942602076
46,2,ArgAgent2,140,1381942602186
47,0,ArgAgent2,142,1381942602239
47,0,ArgAgent1,142,1381942602479
47,1,ArgAgent2,143,1381942602527
48,0,ArgAgent2,145,1381942602544
48,0,ArgAgent1,145,1381942602646
48,1,ArgAgent2,146,1381942602680
49,0,ArgAgent1,148,1381942602790
49,0,ArgAgent2,148,1381942602799
49,1,ArgAgent1,149,1381942602809
50,0,ArgAgent1,151,1381942602820
50,0,ArgAgent2,151,1381942602906
50,2,ArgAgent1,152,1381942602916
51,0,ArgAgent2,154,1381942602931
51,0,ArgAgent1,154,1381942602934
51,1,ArgAgent2,155,1381942603047
52,0,ArgAgent1,157,1381942603141
52,0,ArgAgent2,157,1381942603148
52,1,ArgAgent1,158,1381942603157
53,0,ArgAgent2,160,1381942603172
53,0,ArgAgent1,160,1381942603255
53,2,ArgAgent2,161,1381942603280
54,0,ArgAgent1,163,1381942603382
54,0,ArgAgent2,163,1381942603392
54,2,ArgAgent1,164,1381942603404
55,0,ArgAgent2,166,1381942603421
55,0,ArgAgent1,166,1381942603425
55,1,ArgAgent2,167,1381942603539
56,0,ArgAgent2,169,1381942603639
56,0,ArgAgent1,169,1381942603643
56,2,ArgAgent2,170,1381942603674
57,0,ArgAgent2,172,1381942603780
57,0,ArgAgent1,172,1381942603784
57,1,ArgAgent2,173,1381942603814
58,0,ArgAgent2,175,1381942603830
58,0,ArgAgent1,175,1381942603922
58,1,ArgAgent2,176,1381942603957
59,0,ArgAgent1,178,1381942603976
59,0,ArgAgent2,178,1381942604065
59,2,ArgAgent1,179,1381942604073
60,0,ArgAgent2,181,1381942604083
60,0,ArgAgent1,181,1381942604086
60,2,ArgAgent2,182,1381942604182
61,0,ArgAgent1,184,1381942604263
61,0,ArgAgent2,184,1381942604270
61,2,ArgAgent1,185,1381942604278
62,0,ArgAgent1,187,1381942604361
62,0,ArgAgent2,187,1381942604371
62,1,ArgAgent1,188,1381942604383
63,0,ArgAgent2,190,1381942604403
63,0,ArgAgent1,190,1381942604406
63,2,ArgAgent2,191,1381942604563
64,0,ArgAgent2,193,1381942604706
64,0,ArgAgent1,193,1381942604710
64,1,ArgAgent2,194,1381942604842
65,0,ArgAgent2,196,1381942604859
65,0,ArgAgent1,196,1381942604863
65,2,ArgAgent2,197,1381942605029
66,0,ArgAgent1,199,1381942605139
66,0,ArgAgent2,199,1381942605150
66,2,ArgAgent1,200,1381942605162
67,0,ArgAgent2,202,1381942607033
67,0,ArgAgent1,202,1381942607110
67,2,ArgAgent2,203,1381942607148
68,0,ArgAgent1,205,1381942607261
68,0,ArgAgent2,205,1381942607270
68,1,ArgAgent1,206,1381942607281
69,0,ArgAgent1,208,1381942607295
69,0,ArgAgent2,208,1381942607393
69,2,ArgAgent1,209,1381942607404
70,0,ArgAgent1,211,1381942607418
70,0,ArgAgent2,211,1381942607428
70,1,ArgAgent1,212,1381942607531
71,0,ArgAgent2,214,1381942607659
71,0,ArgAgent1,214,1381942607667
71,2,ArgAgent2,215,1381942607704
72,0,ArgAgent2,217,1381942607825
72,0,ArgAgent1,217,1381942607828
72,2,ArgAgent2,218,1381942607862
73,0,ArgAgent2,220,1381942608000
73,0,ArgAgent1,220,1381942608004
73,2,ArgAgent2,221,1381942608039
74,0,ArgAgent2,223,1381942608055
74,0,ArgAgent1,223,1381942608060
74,2,ArgAgent2,224,1381942608183
75,0,ArgAgent1,226,1381942608196
75,0,ArgAgent2,226,1381942608296
75,1,ArgAgent1,227,1381942608307
76,0,ArgAgent2,229,1381942608322
76,0,ArgAgent1,229,1381942608418
76,2,ArgAgent2,230,1381942608455
77,0,ArgAgent1,232,1381942608470
77,0,ArgAgent2,232,1381942608569
77,1,ArgAgent1,233,1381942608580
78,0,ArgAgent1,235,1381942608691
78,0,ArgAgent2,235,1381942608700
78,2,ArgAgent1,236,1381942608719
79,0,ArgAgent1,238,1381942608736
79,0,ArgAgent2,238,1381942608833
79,2,ArgAgent1,239,1381942608843
80,0,ArgAgent2,241,1381942608866
80,0,ArgAgent1,241,1381942608870
80,1,ArgAgent2,242,1381942608998
81,0,ArgAgent1,244,1381942609012
81,0,ArgAgent2,244,1381942609022
81,2,ArgAgent1,245,1381942609125
82,0,ArgAgent1,247,1381942609141
82,0,ArgAgent2,247,1381942609239
82,1,ArgAgent1,248,1381942609250
83,0,ArgAgent2,250,1381942609357
83,0,ArgAgent1,250,1381942609360
83,1,ArgAgent2,251,1381942609399
84,0,ArgAgent2,253,1381942609415
84,0,ArgAgent1,253,1381942609419
84,1,ArgAgent2,254,1381942609537
85,0,ArgAgent2,256,1381942609554
85,0,ArgAgent1,256,1381942609651
85,2,ArgAgent2,257,1381942609686
86,0,ArgAgent1,259,1381942609702
86,0,ArgAgent2,259,1381942609815
86,1,ArgAgent1,260,1381942609830
87,0,ArgAgent1,262,1381942609849
87,0,ArgAgent2,262,1381942609859
87,1,ArgAgent1,263,1381942609975
88,0,ArgAgent1,265,1381942610000
88,0,ArgAgent2,265,1381942610107
88,2,ArgAgent1,266,1381942610118
89,0,ArgAgent2,268,1381942610142
89,0,ArgAgent1,268,1381942610146
89,2,ArgAgent2,269,1381942610267
90,0,ArgAgent1,271,1381942610291
90,0,ArgAgent2,271,1381942610390
90,2,ArgAgent1,272,1381942610403
91,0,ArgAgent2,274,1381942610424
91,0,ArgAgent1,274,1381942610518
91,1,ArgAgent2,275,1381942610548
92,0,ArgAgent2,277,1381942610678
92,0,ArgAgent1,277,1381942610682
92,2,ArgAgent2,278,1381942610714
93,0,ArgAgent1,280,1381942610727
93,0,ArgAgent2,280,1381942610736
93,1,ArgAgent1,281,1381942610838
94,0,ArgAgent2,283,1381942610951
94,0,ArgAgent1,283,1381942610955
94,2,ArgAgent2,284,1381942610990
95,0,ArgAgent2,286,1381942611005
95,0,ArgAgent1,286,1381942611088
95,1,ArgAgent2,287,1381942611121
96,0,ArgAgent1,289,1381942611232
96,0,ArgAgent2,289,1381942611243
96,1,ArgAgent1,290,1381942611255
97,0,ArgAgent2,292,1381942611286
97,0,ArgAgent1,292,1381942611439
97,1,ArgAgent2,293,1381942611480
98,0,ArgAgent2,295,1381942611498
98,0,ArgAgent1,295,1381942611502
98,2,ArgAgent2,296,1381942611832
99,0,ArgAgent1,298,1381942611895
99,0,ArgAgent2,298,1381942611993
99,2,ArgAgent1,299,1381942612005
100,0,ArgAgent1,301,1381942612117
100,0,ArgAgent2,301,1381942612126
100,1,ArgAgent1,302,1381942612137
101,0,ArgAgent2,304,1381942612155
101,0,ArgAgent1,304,1381942612158
101,1,ArgAgent2,305,1381942612283
102,0,ArgAgent2,307,1381942612392
102,0,ArgAgent1,307,1381942612396
102,1,ArgAgent2,308,1381942612479
103,0,ArgAgent2,310,1381942612587
103,0,ArgAgent1,310,1381942612591
103,2,ArgAgent2,311,1381942612629
104,0,ArgAgent2,313,1381942612648
104,0,ArgAgent1,313,1381942612652
104,1,ArgAgent2,314,1381942612757
105,0,ArgAgent1,316,1381942612844
105,0,ArgAgent2,316,1381942612850
105,2,ArgAgent1,317,1381942612857
106,0,ArgAgent2,319,1381942612963
106,0,ArgAgent1,319,1381942612967
106,1,ArgAgent2,320,1381942613002
107,0,ArgAgent2,322,1381942613115
107,0,ArgAgent1,322,1381942613119
107,2,ArgAgent2,323,1381942613153
108,0,ArgAgent1,325,1381942613167
108,0,ArgAgent2,325,1381942613269
108,2,ArgAgent1,326,1381942613280
109,0,ArgAgent2,328,1381942613296
109,0,ArgAgent1,328,1381942613385
109,2,ArgAgent2,329,1381942613417
110,0,ArgAgent1,331,1381942613429
110,0,ArgAgent2,331,1381942613438
110,1,ArgAgent1,332,1381942613518
111,0,ArgAgent1,334,1381942613530
111,0,ArgAgent2,334,1381942613536
111,2,ArgAgent1,335,1381942613618
112,0,ArgAgent1,337,1381942613632
112,0,ArgAgent2,337,1381942613638
112,1,ArgAgent1,338,1381942613727
113,0,ArgAgent1,340,1381942613816
113,0,ArgAgent2,340,1381942613824
113,2,ArgAgent1,341,1381942613835
114,0,ArgAgent2,343,1381942613850
114,0,ArgAgent1,343,1381942613854
114,1,ArgAgent2,344,1381942613957
115,0,ArgAgent2,346,1381942614040
115,0,ArgAgent1,346,1381942614054
115,2,ArgAgent2,347,1381942614092
116,0,ArgAgent1,349,1381942614103
116,0,ArgAgent2,349,1381942614179
116,1,ArgAgent1,350,1381942614186
117,0,ArgAgent2,352,1381942614280
117,0,ArgAgent1,352,1381942614283
117,1,ArgAgent2,353,1381942614307
118,0,ArgAgent2,355,1381942614503
118,0,ArgAgent1,355,1381942614589
118,2,ArgAgent2,356,1381942614614
119,0,ArgAgent2,358,1381942614702
119,0,ArgAgent1,358,1381942614704
119,2,ArgAgent2,359,1381942614728
120,0,ArgAgent1,361,1381942614738
120,0,ArgAgent2,361,1381942614812
120,2,ArgAgent1,362,1381942614819
121,0,ArgAgent2,364,1381942614908
121,0,ArgAgent1,364,1381942614910
121,1,ArgAgent2,365,1381942614935
122,0,ArgAgent1,367,1381942615010
122,0,ArgAgent2,367,1381942615017
122,1,ArgAgent1,368,1381942615025
123,0,ArgAgent1,370,1381942615035
123,0,ArgAgent2,370,1381942615111
123,2,ArgAgent1,371,1381942615118
124,0,ArgAgent2,373,1381942615194
124,0,ArgAgent1,373,1381942615197
124,2,ArgAgent2,374,1381942615222
125,0,ArgAgent1,376,1381942615232
125,0,ArgAgent2,376,1381942615241
125,2,ArgAgent1,377,1381942615321
126,0,ArgAgent1,379,1381942615331
126,0,ArgAgent2,379,1381942615337
126,1,ArgAgent1,380,1381942615415
127,0,ArgAgent2,382,1381942615430
127,0,ArgAgent1,382,1381942615506
127,1,ArgAgent2,383,1381942615533
128,0,ArgAgent1,385,1381942615542
128,0,ArgAgent2,385,1381942615549
128,1,ArgAgent1,386,1381942615625
129,0,ArgAgent1,388,1381942615709
129,0,ArgAgent2,388,1381942615716
129,2,ArgAgent1,389,1381942615723
130,0,ArgAgent1,391,1381942615733
130,0,ArgAgent2,391,1381942615739
130,2,ArgAgent1,392,1381942615815
131,0,ArgAgent1,394,1381942615824
131,0,ArgAgent2,394,1381942615898
131,1,ArgAgent1,395,1381942615905
132,0,ArgAgent1,397,1381942615914
132,0,ArgAgent2,397,1381942615920
132,2,ArgAgent1,398,1381942615993
133,0,ArgAgent1,400,1381942616071
133,0,ArgAgent2,400,1381942616077
133,2,ArgAgent1,401,1381942616085
134,0,ArgAgent1,403,1381942616094
134,0,ArgAgent2,403,1381942616101
134,1,ArgAgent1,404,1381942616178
135,0,ArgAgent1,406,1381942616189
135,0,ArgAgent2,406,1381942616264
135,2,ArgAgent1,407,1381942616271
136,0,ArgAgent1,409,1381942616282
136,0,ArgAgent2,409,1381942616357
136,2,ArgAgent1,410,1381942616364
137,0,ArgAgent1,412,1381942616439
137,0,ArgAgent2,412,1381942616445
137,1,ArgAgent1,413,1381942616453
138,0,ArgAgent1,415,1381942616528
138,0,ArgAgent2,415,1381942616535
138,1,ArgAgent1,416,1381942616542
139,0,ArgAgent2,418,1381942616553
139,0,ArgAgent1,418,1381942616626
139,1,ArgAgent2,419,1381942616651
140,0,ArgAgent1,421,1381942616790
140,0,ArgAgent2,421,1381942616797
140,1,ArgAgent1,422,1381942616803
141,0,ArgAgent1,424,1381942616856
141,0,ArgAgent2,424,1381942616862
141,1,ArgAgent1,425,1381942616939
142,0,ArgAgent1,427,1381942616990
142,0,ArgAgent2,427,1381942616997
142,1,ArgAgent1,428,1381942617084
143,0,ArgAgent1,430,1381942617281
143,0,ArgAgent2,430,1381942617290
143,1,ArgAgent1,431,1381942617301
144,0,ArgAgent2,433,1381942617336
144,0,ArgAgent1,433,1381942617340
144,1,ArgAgent2,434,1381942617437
145,0,ArgAgent2,436,1381942617468
145,0,ArgAgent1,436,1381942617541
145,2,ArgAgent2,437,1381942617568
146,0,ArgAgent2,439,1381942617674
146,0,ArgAgent1,439,1381942617677
146,2,ArgAgent2,440,1381942617702
147,0,ArgAgent1,442,1381942617726
147,0,ArgAgent2,442,1381942617732
147,2,ArgAgent1,443,1381942617808
148,0,ArgAgent2,445,1381942617852
148,0,ArgAgent1,445,1381942617939
148,1,ArgAgent2,446,1381942617972
149,0,ArgAgent2,448,1381942618033
149,0,ArgAgent1,448,1381942618140
149,1,ArgAgent2,449,1381942618174
150,0,ArgAgent2,451,1381942618232
150,0,ArgAgent1,451,1381942618234
150,2,ArgAgent2,452,1381942618335
151,0,ArgAgent1,454,1381942618440
151,0,ArgAgent2,454,1381942618446
151,2,ArgAgent1,455,1381942618453
152,0,ArgAgent2,457,1381942618519
152,0,ArgAgent1,457,1381942618522
152,1,ArgAgent2,458,1381942618617
153,0,ArgAgent1,460,1381942618672
153,0,ArgAgent2,460,1381942618679
153,2,ArgAgent1,461,1381942618758
154,0,ArgAgent2,463,1381942618871
154,0,ArgAgent1,463,1381942618873
154,2,ArgAgent2,464,1381942618901
155,0,ArgAgent1,466,1381942618929
155,0,ArgAgent2,466,1381942619011
155,2,ArgAgent1,467,1381942619019
156,0,ArgAgent2,469,1381942619151
156,0,ArgAgent1,469,1381942619155
156,2,ArgAgent2,470,1381942619191
157,0,ArgAgent1,472,1381942619308
157,0,ArgAgent2,472,1381942619417
157,1,ArgAgent1,473,1381942619431
158,0,ArgAgent2,475,1381942619461
158,0,ArgAgent1,475,1381942619463
158,2,ArgAgent2,476,1381942619623
159,0,ArgAgent2,478,1381942619889
159,0,ArgAgent1,478,1381942619893
159,2,ArgAgent2,479,1381942619928
160,0,ArgAgent2,481,1381942619943
160,0,ArgAgent1,481,1381942619947
160,2,ArgAgent2,482,1381942620081
161,0,ArgAgent1,484,1381942620097
161,0,ArgAgent2,484,1381942620107
161,2,ArgAgent1,485,1381942620206
162,0,ArgAgent2,487,1381942620223
162,0,ArgAgent1,487,1381942620227
162,2,ArgAgent2,488,1381942620367
163,0,ArgAgent2,490,1381942620559
163,0,ArgAgent1,490,1381942620655
163,1,ArgAgent2,491,1381942620688
164,0,ArgAgent1,493,1381942620701
164,0,ArgAgent2,493,1381942620710
164,2,ArgAgent1,494,1381942620812
165,0,ArgAgent2,496,1381942620828
165,0,ArgAgent1,496,1381942620911
165,2,ArgAgent2,497,1381942620944
166,0,ArgAgent2,499,1381942620968
166,0,ArgAgent1,499,1381942620972
166,2,ArgAgent2,500,1381942621114
167,0,ArgAgent1,502,1381942621127
167,0,ArgAgent2,502,1381942621137
167,2,ArgAgent1,503,1381942621263
168,0,ArgAgent2,505,1381942621410
168,0,ArgAgent1,505,1381942621414
168,2,ArgAgent2,506,1381942621448
169,0,ArgAgent1,508,1381942621583
169,0,ArgAgent2,508,1381942621595
169,2,ArgAgent1,509,1381942621633
170,0,ArgAgent1,511,1381942621764
170,0,ArgAgent2,511,1381942621773
170,1,ArgAgent1,512,1381942621786
171,0,ArgAgent1,514,1381942621805
171,0,ArgAgent2,514,1381942621814
171,1,ArgAgent1,515,1381942621935
172,0,ArgAgent1,517,1381942622052
172,0,ArgAgent2,517,1381942622062
172,2,ArgAgent1,518,1381942622072
173,0,ArgAgent1,520,1381942622100
173,0,ArgAgent2,520,1381942622197
173,1,ArgAgent1,521,1381942622204
174,0,ArgAgent2,523,1381942622219
174,0,ArgAgent1,523,1381942622228
174,2,ArgAgent2,524,1381942622371
175,0,ArgAgent2,526,1381942622477
175,0,ArgAgent1,526,1381942622481
175,2,ArgAgent2,527,1381942622511
176,0,ArgAgent1,529,1381942622617
176,0,ArgAgent2,529,1381942622632
176,2,ArgAgent1,530,1381942622644
177,0,ArgAgent1,532,1381942622656
177,0,ArgAgent2,532,1381942622771
177,2,ArgAgent1,533,1381942622779
178,0,ArgAgent2,535,1381942622791
178,0,ArgAgent1,535,1381942622864
178,1,ArgAgent2,536,1381942622890
179,0,ArgAgent1,538,1381942622899
179,0,ArgAgent2,538,1381942622990
179,1,ArgAgent1,539,1381942623000
180,0,ArgAgent1,541,1381942623026
180,0,ArgAgent2,541,1381942623127
180,2,ArgAgent1,542,1381942623136
181,0,ArgAgent1,544,1381942623241
181,0,ArgAgent2,544,1381942623252
181,2,ArgAgent1,545,1381942623260
182,0,ArgAgent2,547,1381942623358
182,0,ArgAgent1,547,1381942623361
182,2,ArgAgent2,548,1381942623385
183,0,ArgAgent2,550,1381942623397
183,0,ArgAgent1,550,1381942623400
183,1,ArgAgent2,551,1381942623499
184,0,ArgAgent2,553,1381942623516
184,0,ArgAgent1,553,1381942623520
184,1,ArgAgent2,554,1381942623637
185,0,ArgAgent1,556,1381942623724
185,0,ArgAgent2,556,1381942623731
185,2,ArgAgent1,557,1381942623738
186,0,ArgAgent2,559,1381942623837
186,0,ArgAgent1,559,1381942623840
186,1,ArgAgent2,560,1381942623868
187,0,ArgAgent1,562,1381942623880
187,0,ArgAgent2,562,1381942623960
187,2,ArgAgent1,563,1381942623967
188,0,ArgAgent2,565,1381942623979
188,0,ArgAgent1,565,1381942623981
188,2,ArgAgent2,566,1381942624099
189,0,ArgAgent2,568,1381942624115
189,0,ArgAgent1,568,1381942624204
189,1,ArgAgent2,569,1381942624235
190,0,ArgAgent2,571,1381942624247
190,0,ArgAgent1,571,1381942624251
190,2,ArgAgent2,572,1381942624368
191,0,ArgAgent1,574,1381942624452
191,0,ArgAgent2,574,1381942624458
191,2,ArgAgent1,575,1381942624465
192,0,ArgAgent2,577,1381942624481
192,0,ArgAgent1,577,1381942624559
192,1,ArgAgent2,578,1381942624588
193,0,ArgAgent2,580,1381942624676
193,0,ArgAgent1,580,1381942624679
193,1,ArgAgent2,581,1381942624715
194,0,ArgAgent1,583,1381942624727
194,0,ArgAgent2,583,1381942624733
194,1,ArgAgent1,584,1381942624810
195,0,ArgAgent2,586,1381942624902
195,0,ArgAgent1,586,1381942624906
195,2,ArgAgent2,587,1381942624930
196,0,ArgAgent1,589,1381942625025
196,0,ArgAgent2,589,1381942625032
196,2,ArgAgent1,590,1381942625039
197,0,ArgAgent1,592,1381942625048
197,0,ArgAgent2,592,1381942625128
197,1,ArgAgent1,593,1381942625135
198,0,ArgAgent1,595,1381942625145
198,0,ArgAgent2,595,1381942625228
198,2,ArgAgent1,596,1381942625235
199,0,ArgAgent2,598,1381942625322
199,0,ArgAgent1,598,1381942625324
199,2,ArgAgent2,599,1381942625349
200,0,ArgAgent1,601,1381942625362
200,0,ArgAgent2,601,1381942625369
200,1,ArgAgent1,602,1381942625456
201,0,ArgAgent1,604,1381942625465
201,0,ArgAgent2,604,1381942625472
201,2,ArgAgent1,605,1381942625563
202,0,ArgAgent2,607,1381942625588
202,0,ArgAgent1,607,1381942625591
202,2,ArgAgent2,608,1381942625687
203,0,ArgAgent1,610,1381942625764
203,0,ArgAgent2,610,1381942625773
203,1,ArgAgent1,611,1381942625779
204,0,ArgAgent2,613,1381942625858
204,0,ArgAgent1,613,1381942625860
204,1,ArgAgent2,614,1381942625887
205,0,ArgAgent2,616,1381942625898
205,0,ArgAgent1,616,1381942625972
205,1,ArgAgent2,617,1381942625997
206,0,ArgAgent2,619,1381942626008
206,0,ArgAgent1,619,1381942626084
206,1,ArgAgent2,620,1381942626108
207,0,ArgAgent1,622,1381942626184
207,0,ArgAgent2,622,1381942626191
207,1,ArgAgent1,623,1381942626198
208,0,ArgAgent1,625,1381942626208
208,0,ArgAgent2,625,1381942626284
208,1,ArgAgent1,626,1381942626291
209,0,ArgAgent2,628,1381942626367
209,0,ArgAgent1,628,1381942626370
209,2,ArgAgent2,629,1381942626394
210,0,ArgAgent1,631,1381942626472
210,0,ArgAgent2,631,1381942626478
210,1,ArgAgent1,632,1381942626485
211,0,ArgAgent1,634,1381942626495
211,0,ArgAgent2,634,1381942626501
211,1,ArgAgent1,635,1381942626574
212,0,ArgAgent2,637,1381942626652
212,0,ArgAgent1,637,1381942626655
212,1,ArgAgent2,638,1381942626680
213,0,ArgAgent1,640,1381942626689
213,0,ArgAgent2,640,1381942626695
213,1,ArgAgent1,641,1381942626770
214,0,ArgAgent1,643,1381942626780
214,0,ArgAgent2,643,1381942626853
214,2,ArgAgent1,644,1381942626860
215,0,ArgAgent2,646,1381942626871
215,0,ArgAgent1,646,1381942626874
215,1,ArgAgent2,647,1381942626967
216,0,ArgAgent1,649,1381942626977
216,0,ArgAgent2,649,1381942626983
216,1,ArgAgent1,650,1381942627057
217,0,ArgAgent2,652,1381942627133
217,0,ArgAgent1,652,1381942627135
217,1,ArgAgent2,653,1381942627160
218,0,ArgAgent1,655,1381942627169
218,0,ArgAgent2,655,1381942627176
218,2,ArgAgent1,656,1381942627249
219,0,ArgAgent1,658,1381942627260
219,0,ArgAgent2,658,1381942627336
219,2,ArgAgent1,659,1381942627343
220,0,ArgAgent2,661,1381942627353
220,0,ArgAgent1,661,1381942627423
220,1,ArgAgent2,662,1381942627447
221,0,ArgAgent1,664,1381942627456
221,0,ArgAgent2,664,1381942627538
221,1,ArgAgent1,665,1381942627545
222,0,ArgAgent1,667,1381942627554
222,0,ArgAgent2,667,1381942627561
222,2,ArgAgent1,668,1381942627639
223,0,ArgAgent1,670,1381942627719
223,0,ArgAgent2,670,1381942627725
223,2,ArgAgent1,671,1381942627733
224,0,ArgAgent2,673,1381942627743
224,0,ArgAgent1,673,1381942627746
224,2,ArgAgent2,674,1381942627837
225,0,ArgAgent2,676,1381942627850
225,0,ArgAgent1,676,1381942627852
225,2,ArgAgent2,677,1381942627944
226,0,ArgAgent2,679,1381942628025
226,0,ArgAgent1,679,1381942628028
226,1,ArgAgent2,680,1381942628052
227,0,ArgAgent1,682,1381942628129
227,0,ArgAgent2,682,1381942628135
227,1,ArgAgent1,683,1381942628142
228,0,ArgAgent2,685,1381942629044
228,0,ArgAgent1,685,1381942629113
228,2,ArgAgent2,686,1381942629137
229,0,ArgAgent2,688,1381942629214
229,0,ArgAgent1,688,1381942629217
229,2,ArgAgent2,689,1381942629242
230,0,ArgAgent2,691,1381942629256
230,0,ArgAgent1,691,1381942629259
230,1,ArgAgent2,692,1381942629350
231,0,ArgAgent2,694,1381942629364
231,0,ArgAgent1,694,1381942629366
231,2,ArgAgent2,695,1381942629455
232,0,ArgAgent2,697,1381942629542
232,0,ArgAgent1,697,1381942629545
232,2,ArgAgent2,698,1381942629568
233,0,ArgAgent1,700,1381942629580
233,0,ArgAgent2,700,1381942629654
233,2,ArgAgent1,701,1381942629661
234,0,ArgAgent1,703,1381942629739
234,0,ArgAgent2,703,1381942629745
234,1,ArgAgent1,704,1381942629752
235,0,ArgAgent1,706,1381942629829
235,0,ArgAgent2,706,1381942629835
235,1,ArgAgent1,707,1381942629843
236,0,ArgAgent1,709,1381942629926
236,0,ArgAgent2,709,1381942629932
236,1,ArgAgent1,710,1381942629939
237,0,ArgAgent1,712,1381942630017
237,0,ArgAgent2,712,1381942630023
237,1,ArgAgent1,713,1381942630031
238,0,ArgAgent2,715,1381942630042
238,0,ArgAgent1,715,1381942630115
238,1,ArgAgent2,716,1381942630139
239,0,ArgAgent2,718,1381942630218
239,0,ArgAgent1,718,1381942630222
239,1,ArgAgent2,719,1381942630247
240,0,ArgAgent1,721,1381942630256
240,0,ArgAgent2,721,1381942630263
240,2,ArgAgent1,722,1381942630339
241,0,ArgAgent1,724,1381942630349
241,0,ArgAgent2,724,1381942630425
241,1,ArgAgent1,725,1381942630431
242,0,ArgAgent2,727,1381942630443
242,0,ArgAgent1,727,1381942630515
242,2,ArgAgent2,728,1381942630539
243,0,ArgAgent1,730,1381942630548
243,0,ArgAgent2,730,1381942630622
243,1,ArgAgent1,731,1381942630629
244,0,ArgAgent2,733,1381942630707
244,0,ArgAgent1,733,1381942630710
244,2,ArgAgent2,734,1381942630735
245,0,ArgAgent1,736,1381942630813
245,0,ArgAgent2,736,1381942630819
245,1,ArgAgent1,737,1381942630826
246,0,ArgAgent2,739,1381942630837
246,0,ArgAgent1,739,1381942630909
246,2,ArgAgent2,740,1381942630933
247,0,ArgAgent1,742,1381942630942
247,0,ArgAgent2,742,1381942630948
247,1,ArgAgent1,743,1381942631023
248,0,ArgAgent1,745,1381942631034
248,0,ArgAgent2,745,1381942631040
248,1,ArgAgent1,746,1381942631115
249,0,ArgAgent2,748,1381942631127
249,0,ArgAgent1,748,1381942631129
249,1,ArgAgent2,749,1381942631227
250,0,ArgAgent2,751,1381942631311
250,0,ArgAgent1,751,1381942631314
250,2,ArgAgent2,752,1381942631340
251,0,ArgAgent1,754,1381942631432
251,0,ArgAgent2,754,1381942631439
251,1,ArgAgent1,755,1381942631446
252,0,ArgAgent1,757,1381942631455
252,0,ArgAgent2,757,1381942631534
252,2,ArgAgent1,758,1381942631541
253,0,ArgAgent1,760,1381942631550
253,0,ArgAgent2,760,1381942631629
253,1,ArgAgent1,761,1381942631636
254,0,ArgAgent2,763,1381942631647
254,0,ArgAgent1,763,1381942631649
254,1,ArgAgent2,764,1381942631741
255,0,ArgAgent1,766,1381942631751
255,0,ArgAgent2,766,1381942631757
255,1,ArgAgent1,767,1381942631836
256,0,ArgAgent1,769,1381942631846
256,0,ArgAgent2,769,1381942631918
256,1,ArgAgent1,770,1381942631925
257,0,ArgAgent2,772,1381942631936
257,0,ArgAgent1,772,1381942631939
257,2,ArgAgent2,773,1381942632028
258,0,ArgAgent2,775,1381942632113
258,0,ArgAgent1,775,1381942632115
258,1,ArgAgent2,776,1381942632139
259,0,ArgAgent2,778,1381942632152
259,0,ArgAgent1,778,1381942632224
259,1,ArgAgent2,779,1381942632248
260,0,ArgAgent1,781,1381942632325
260,0,ArgAgent2,781,1381942632331
260,1,ArgAgent1,782,1381942632339
261,0,ArgAgent1,784,1381942632417
261,0,ArgAgent2,784,1381942632423
261,2,ArgAgent1,785,1381942632430
262,0,ArgAgent2,787,1381942632444
262,0,ArgAgent1,787,1381942632513
262,2,ArgAgent2,788,1381942632541
263,0,ArgAgent2,790,1381942632635
263,0,ArgAgent1,790,1381942632643
263,1,ArgAgent2,791,1381942632671
264,0,ArgAgent1,793,1381942632682
264,0,ArgAgent2,793,1381942632689
264,1,ArgAgent1,794,1381942632767
265,0,ArgAgent1,796,1381942632779
265,0,ArgAgent2,796,1381942632785
265,1,ArgAgent1,797,1381942632862
266,0,ArgAgent1,799,1381942632875
266,0,ArgAgent2,799,1381942632962
266,2,ArgAgent1,800,1381942632973
267,0,ArgAgent1,802,1381942632988
267,0,ArgAgent2,802,1381942633085
267,2,ArgAgent1,803,1381942633097
268,0,ArgAgent1,805,1381942633115
268,0,ArgAgent2,805,1381942633126
268,2,ArgAgent1,806,1381942633234
269,0,ArgAgent2,808,1381942633338
269,0,ArgAgent1,808,1381942633343
269,2,ArgAgent2,809,1381942633374
270,0,ArgAgent2,811,1381942633598
270,0,ArgAgent1,811,1381942633602
270,2,ArgAgent2,812,1381942633636
271,0,ArgAgent2,814,1381942633750
271,0,ArgAgent1,814,1381942633755
271,1,ArgAgent2,815,1381942633797
272,0,ArgAgent1,817,1381942633818
272,0,ArgAgent2,817,1381942633827
272,1,ArgAgent1,818,1381942633934
273,0,ArgAgent1,820,1381942633950
273,0,ArgAgent2,820,1381942634052
273,1,ArgAgent1,821,1381942634065
274,0,ArgAgent1,823,1381942634168
274,0,ArgAgent2,823,1381942634178
274,2,ArgAgent1,824,1381942634188
275,0,ArgAgent1,826,1381942634216
275,0,ArgAgent2,826,1381942634225
275,1,ArgAgent1,827,1381942634339
276,0,ArgAgent2,829,1381942634384
276,0,ArgAgent1,829,1381942634481
276,1,ArgAgent2,830,1381942634518
277,0,ArgAgent1,832,1381942634542
277,0,ArgAgent2,832,1381942634640
277,2,ArgAgent1,833,1381942634651
278,0,ArgAgent1,835,1381942634769
278,0,ArgAgent2,835,1381942634780
278,1,ArgAgent1,836,1381942634794
279,0,ArgAgent1,838,1381942634904
279,0,ArgAgent2,838,1381942634913
279,2,ArgAgent1,839,1381942634926
280,0,ArgAgent2,841,1381942634949
280,0,ArgAgent1,841,1381942634952
280,1,ArgAgent2,842,1381942635079
281,0,ArgAgent1,844,1381942635189
281,0,ArgAgent2,844,1381942635198
281,2,ArgAgent1,845,1381942635209
282,0,ArgAgent1,847,1381942635231
282,0,ArgAgent2,847,1381942635334
282,1,ArgAgent1,848,1381942635346
283,0,ArgAgent2,850,1381942635398
283,0,ArgAgent1,850,1381942635543
283,2,ArgAgent2,851,1381942635579
284,0,ArgAgent1,853,1381942635708
284,0,ArgAgent2,853,1381942635717
284,1,ArgAgent1,854,1381942635742
285,0,ArgAgent2,856,1381942635765
285,0,ArgAgent1,856,1381942635769
285,1,ArgAgent2,857,1381942635914
286,0,ArgAgent1,859,1381942635938
286,0,ArgAgent2,859,1381942636042
286,2,ArgAgent1,860,1381942636059
287,0,ArgAgent1,862,1381942636076
287,0,ArgAgent2,862,1381942636086
287,2,ArgAgent1,863,1381942636190
288,0,ArgAgent2,865,1381942636230
288,0,ArgAgent1,865,1381942636234
288,2,ArgAgent2,866,1381942636508
289,0,ArgAgent1,868,1381942636523
289,0,ArgAgent2,868,1381942636633
289,2,ArgAgent1,869,1381942636644
290,0,ArgAgent1,871,1381942636657
290,0,ArgAgent2,871,1381942636741
290,2,ArgAgent1,872,1381942636749
291,0,ArgAgent1,874,1381942636759
291,0,ArgAgent2,874,1381942636765
291,2,ArgAgent1,875,1381942636849
292,0,ArgAgent2,877,1381942636860
292,0,ArgAgent1,877,1381942636962
292,2,ArgAgent2,878,1381942636987
293,0,ArgAgent2,880,1381942637006
293,0,ArgAgent1,880,1381942637009
293,2,ArgAgent2,881,1381942637099
294,0,ArgAgent1,883,1381942637110
294,0,ArgAgent2,883,1381942637117
294,2,ArgAgent1,884,1381942637201
295,0,ArgAgent2,886,1381942637212
295,0,ArgAgent1,886,1381942637289
295,2,ArgAgent2,887,1381942637320
296,0,ArgAgent2,889,1381942637335
296,0,ArgAgent1,889,1381942637406
296,1,ArgAgent2,890,1381942637433
297,0,ArgAgent2,892,1381942637517
297,0,ArgAgent1,892,1381942637520
297,1,ArgAgent2,893,1381942637543
298,0,ArgAgent2,895,1381942637624
298,0,ArgAgent1,895,1381942637629
298,1,ArgAgent2,896,1381942637656
299,0,ArgAgent2,898,1381942637743
299,0,ArgAgent1,898,1381942637745
299,1,ArgAgent2,899,1381942637769
300,0,ArgAgent2,901,1381942637780
300,0,ArgAgent1,901,1381942637851
300,1,ArgAgent2,902,1381942637875
301,0,ArgAgent2,904,1381942637960
301,0,ArgAgent1,904,1381942637962
301,1,ArgAgent2,905,1381942637990
302,0,ArgAgent1,907,1381942638002
302,0,ArgAgent2,907,1381942638008
302,1,ArgAgent1,908,1381942638097
303,0,ArgAgent1,910,1381942638107
303,0,ArgAgent2,910,1381942638113
303,2,ArgAgent1,911,1381942638189
304,0,ArgAgent2,913,1381942638200
304,0,ArgAgent1,913,1381942638203
304,1,ArgAgent2,914,1381942638298
305,0,ArgAgent2,916,1381942638330
305,0,ArgAgent1,916,1381942638400
305,2,ArgAgent2,917,1381942638430
306,0,ArgAgent1,919,1381942638454
306,0,ArgAgent2,919,1381942638462
306,1,ArgAgent1,920,1381942638580
307,0,ArgAgent2,922,1381942638693
307,0,ArgAgent1,922,1381942638698
307,2,ArgAgent2,923,1381942638731
308,0,ArgAgent2,925,1381942638746
308,0,ArgAgent1,925,1381942638751
308,1,ArgAgent2,926,1381942638887
309,0,ArgAgent1,928,1381942638998
309,0,ArgAgent2,928,1381942639008
309,2,ArgAgent1,929,1381942639017
310,0,ArgAgent2,931,1381942639121
310,0,ArgAgent1,931,1381942639125
310,2,ArgAgent2,932,1381942639163
311,0,ArgAgent2,934,1381942639190
311,0,ArgAgent1,934,1381942639194
311,2,ArgAgent2,935,1381942639313
312,0,ArgAgent1,937,1381942639322
312,0,ArgAgent2,937,1381942639328
312,2,ArgAgent1,938,1381942639403
313,0,ArgAgent1,940,1381942639494
313,0,ArgAgent2,940,1381942639503
313,1,ArgAgent1,941,1381942639511
314,0,ArgAgent2,943,1381942639525
314,0,ArgAgent1,943,1381942639528
314,1,ArgAgent2,944,1381942639633
315,0,ArgAgent1,946,1381942639646
315,0,ArgAgent2,946,1381942639749
315,1,ArgAgent1,947,1381942639758
316,0,ArgAgent2,949,1381942639773
316,0,ArgAgent1,949,1381942639877
316,1,ArgAgent2,950,1381942639912
317,0,ArgAgent2,952,1381942639927
317,0,ArgAgent1,952,1381942640025
317,1,ArgAgent2,953,1381942640057
318,0,ArgAgent2,955,1381942640073
318,0,ArgAgent1,955,1381942640157
318,2,ArgAgent2,956,1381942640191
319,0,ArgAgent2,958,1381942640299
319,0,ArgAgent1,958,1381942640303
319,2,ArgAgent2,959,1381942640337
320,0,ArgAgent2,961,1381942640355
320,0,ArgAgent1,961,1381942640443
320,2,ArgAgent2,962,1381942640472
321,0,ArgAgent2,964,1381942640486
321,0,ArgAgent1,964,1381942640561
321,1,ArgAgent2,965,1381942640585
322,0,ArgAgent2,967,1381942640597
322,0,ArgAgent1,967,1381942640600
322,1,ArgAgent2,968,1381942640706
323,0,ArgAgent2,970,1381942640794
323,0,ArgAgent1,970,1381942640797
323,2,ArgAgent2,971,1381942640821
324,0,ArgAgent2,973,1381942640932
324,0,ArgAgent1,973,1381942640936
324,1,ArgAgent2,974,1381942641036
325,0,ArgAgent2,976,1381942641050
325,0,ArgAgent1,976,1381942641052
325,1,ArgAgent2,977,1381942641211
326,0,ArgAgent2,979,1381942641226
326,0,ArgAgent1,979,1381942641308
326,1,ArgAgent2,980,1381942641333
327,0,ArgAgent2,982,1381942641346
327,0,ArgAgent1,982,1381942641349
327,2,ArgAgent2,983,1381942641462
328,0,ArgAgent1,985,1381942641474
328,0,ArgAgent2,985,1381942641483
328,1,ArgAgent1,986,1381942641577
329,0,ArgAgent1,988,1381942641590
329,0,ArgAgent2,988,1381942641669
329,1,ArgAgent1,989,1381942641676
330,0,ArgAgent2,991,1381942641785
330,0,ArgAgent1,991,1381942641788
330,2,ArgAgent2,992,1381942641811
331,0,ArgAgent2,994,1381942641824
331,0,ArgAgent1,994,1381942641828
331,2,ArgAgent2,995,1381942641937
332,0,ArgAgent1,997,1381942641946
332,0,ArgAgent2,997,1381942641953
332,1,ArgAgent1,998,1381942642032
333,0,ArgAgent2,1000,1381942642043
333,0,ArgAgent1,1000,1381942642046
333,2,ArgAgent2,1001,1381942642135
334,0,ArgAgent2,1003,1381942642289
334,0,ArgAgent1,1003,1381942642291
334,2,ArgAgent2,1004,1381942642317
335,0,ArgAgent2,1006,1381942642401
335,0,ArgAgent1,1006,1381942642403
335,1,ArgAgent2,1007,1381942642428
336,0,ArgAgent2,1009,1381942642507
336,0,ArgAgent1,1009,1381942642509
336,2,ArgAgent2,1010,1381942642534
337,0,ArgAgent2,1012,1381942642546
337,0,ArgAgent1,1012,1381942642549
337,1,ArgAgent2,1013,1381942642640
338,0,ArgAgent1,1015,1381942642717
338,0,ArgAgent2,1015,1381942642723
338,2,ArgAgent1,1016,1381942642730
339,0,ArgAgent1,1018,1381942642740
339,0,ArgAgent2,1018,1381942642814
339,2,ArgAgent1,1019,1381942642821
340,0,ArgAgent2,1021,1381942642834
340,0,ArgAgent1,1021,1381942642906
340,1,ArgAgent2,1022,1381942642929
341,0,ArgAgent1,1024,1381942642938
341,0,ArgAgent2,1024,1381942643013
341,2,ArgAgent1,1025,1381942643020
342,0,ArgAgent1,1027,1381942643029
342,0,ArgAgent2,1027,1381942643106
342,2,ArgAgent1,1028,1381942643113
343,0,ArgAgent1,1030,1381942643124
343,0,ArgAgent2,1030,1381942643201
343,2,ArgAgent1,1031,1381942643208
344,0,ArgAgent2,1033,1381942643219
344,0,ArgAgent1,1033,1381942643221
344,1,ArgAgent2,1034,1381942643314
345,0,ArgAgent1,1036,1381942643324
345,0,ArgAgent2,1036,1381942643332
345,2,ArgAgent1,1037,1381942643409
346,0,ArgAgent1,1039,1381942643419
346,0,ArgAgent2,1039,1381942643490
346,2,ArgAgent1,1040,1381942643498
347,0,ArgAgent2,1042,1381942643583
347,0,ArgAgent1,1042,1381942643586
347,1,ArgAgent2,1043,1381942643610
348,0,ArgAgent1,1045,1381942643620
348,0,ArgAgent2,1045,1381942643626
348,2,ArgAgent1,1046,1381942643702
349,0,ArgAgent2,1048,1381942643712
349,0,ArgAgent1,1048,1381942643782
349,1,ArgAgent2,1049,1381942643806
350,0,ArgAgent2,1051,1381942643886
350,0,ArgAgent1,1051,1381942643889
350,1,ArgAgent2,1052,1381942643913
351,0,ArgAgent1,1054,1381942643988
351,0,ArgAgent2,1054,1381942643995
351,1,ArgAgent1,1055,1381942644002
352,0,ArgAgent1,1057,1381942644078
352,0,ArgAgent2,1057,1381942644085
352,2,ArgAgent1,1058,1381942644091
353,0,ArgAgent1,1060,1381942644165
353,0,ArgAgent2,1060,1381942644173
353,1,ArgAgent1,1061,1381942644180
354,0,ArgAgent2,1063,1381942644193
354,0,ArgAgent1,1063,1381942644265
354,2,ArgAgent2,1064,1381942644290
355,0,ArgAgent1,1066,1381942644301
355,0,ArgAgent2,1066,1381942644308
355,2,ArgAgent1,1067,1381942644383
